Question,Type,Baseline Answer,Agentic Answer,Baseline Score,Agentic Score,Winner
Who is the CEO of the parent company of Instagram?,Multi-Hop Logic,"The text does not provide information about the CEO of the parent company of Instagram, which is Facebook. Therefore, based on the context provided, I cannot answer the question.","The data retrieved does not provide information regarding the CEO of the parent company of Instagram. However, as of my last update, the parent company of Instagram is Meta Platforms, Inc., and the CEO is Mark Zuckerberg. For strategic insights, understanding the leadership of such influential companies can help in analyzing market trends and risks, which is crucial for ROI assessments. If you require further details or specific insights, please let me know.",2,9,Agentic
List all companies that have been acquired by Tesla.,Exhaustive List,"The only company mentioned that has been acquired by Tesla is SolarCity, which was purchased in November 2016.","Tesla has strategically acquired the following companies to enhance its technological capabilities and market position:

1. **SolarCity** - Enhances Tesla’s energy products and solar energy solutions.
2. **Grohmann Engineering** - Strengthens automation and manufacturing efficiency.
3. **Maxwell Technologies** - Contributes advanced battery technology and energy storage solutions.
4. **Hibar Systems** - Focuses on battery production technology, improving manufacturing processes.

These acquisitions align with Tesla's growth strategy and aim to bolster innovation, ultimately driving ROI and mitigating market risks.",2,6,Agentic
What is the exact relationship between Elon Musk and SolarCity?,Specific Relationship,"Elon Musk was the chairman of SolarCity before Tesla acquired the company in 2016. The acquisition was controversial, with allegations that Musk knew SolarCity was facing financial difficulties prior to the deal and that he and the Tesla board overpaid for the company. Musk is the only defendant in a consolidated shareholders lawsuit related to the acquisition, which claims he breached fiduciary duties and failed to disclose important information about SolarCity's financial status.","Elon Musk played a pivotal role in the acquisition of SolarCity, which Tesla purchased for $2.6 billion in an all-stock transaction in November 2016. At the time of the acquisition, Musk was the chairman of SolarCity and had significant influence over its operations. The merger was strategically aimed at integrating SolarCity’s solar energy products with Tesla's battery storage solutions, creating the Tesla Energy subsidiary.

However, the deal was controversial due to SolarCity's financial struggles, which were not disclosed to Tesla shareholders prior to the acquisition. Allegations arose suggesting that Musk and the Tesla board may have overpaid for SolarCity, leading to a lawsuit from shareholders claiming breaches of fiduciary duty. While the board settled in 2020, Musk remained the sole defendant, ultimately winning the case in 2022, with the ruling upheld by the Delaware Supreme Court in 2023.

In summary, Musk's relationship with SolarCity was both direct and influential, marked by strategic decisions that intertwined the future of Tesla's energy initiatives with SolarCity’s capabilities, despite the legal and financial controversies surrounding the acquisition. This move aligns with a broader vision of enhancing Tesla's market position in renewable energy, although it also introduces inherent risks and challenges.",9,9,Tie/Baseline
Did Microsoft acquire Tesla? Answer Yes or No.,Fact Verification,No.,"No, Microsoft did not acquire Tesla.",10,10,Tie/Baseline
